INSERT INTO `User` (user_id, name, email, password, acc_status, role, gender, address) VALUES
	(1, 'Nguyen Anh Khoa', 'khoanguyen123@gmail.com', 'Adminbklib@', 'active', 'admin', 'male', '17 Lê Duẩn, Bến Nghé, Quận 1, TP.HCM'),
	(2, 'Tran Tien Dat', 'tiendat2000@gmail.com', '00000000', 'active', 'member', 'male', '452 Tân Kì Tân Quý, Quận 3, TP.HCM'),
	(3, 'Le Van Nguyen', 'levannguyen2k2@gmail.com', 'Vannguyenlib.', 'banned', 'member', 'male', '189 Cộng Hòa, Quận 5, TP.HCM'),
	(4, 'Pham Thi Minh', 'minhpham@gmail.com', 'minh12345', 'active', 'member', 'female', '12 Trần Phú, Linh Trung, Thủ Đức, TP.HCM'),
	(5, 'Hoang Van Binh', 'binhhoang@gmail.com', 'binhsecure', 'active', 'member', 'male', '45 Nguyễn Trãi, Phường 7, Gò Vấp, TP.HCM'),
	(6, 'Dang Kim Chi', 'kimchidang@gmail.com', 'kimchi456', 'banned', 'member', 'female', '90 Lê Duẩn, Bình Trị Đông A, Bình Tân, TP.HCM'),
	(7, 'Nguyen Bao Long', 'longnguyen.admin@gmail.com', 'aLong@1', 'active', 'member', 'male', '72 Hai Bà Trưng, Phường 10, Quận 6, TP.HCM'),
	(8, 'Vo Thi Thao', 'thaovo@gmail.com', 'thaopass123', 'active', 'member', 'female', '10 Nguyễn Huệ, Quận 1, TP.HCM'),
	(9, 'Bui Duc Huy', 'huybui@gmail.com', 'duchuy123', 'active', 'member', 'male', '23 Phạm Văn Đồng, Quận Thủ Đức, TP.HCM'),
	(10, 'Ngo Minh Chau', 'chaungo@gmail.com', 'chaupass', 'banned', 'member', 'female', '35 Lê Lợi, Quận 4, TP.HCM'),
	(11, 'Pham Van Tuan', 'tuanpham@gmail.com', 'tuan123456', 'active', 'member', 'male', '98 Cách Mạng Tháng 8, Quận 10, TP.HCM'),
	(12, 'Le Thi Thanh', 'thanhle@gmail.com', 'lethipass', 'active', 'member', 'female', '25 Trường Chinh, Quận 12, TP.HCM'),
	(13, 'Tran Quoc Duy', 'duytran@gmail.com', 'quocduy789', 'active', 'member', 'male', '67 Nguyễn Thị Minh Khai, Quận 3, TP.HCM'),
	(14, 'Nguyen Thi Cam', 'camnguyen@gmail.com', 'cam123', 'banned', 'member', 'female', '12 Pasteur, Quận 1, TP.HCM'),
	(15, 'Do Tien Dung', 'dungdo@gmail.com', 'tien123456', 'active', 'member', 'male', '5 Nguyễn Trãi, Quận 5, TP.HCM'),
	(16, 'Hoang Thi Mai', 'maith@gmail.com', 'hoangmai@', 'active', 'member', 'female', '33 Hồng Bàng, Quận 11, TP.HCM'),
	(17, 'Tran Dinh Khoa', 'khoadinhtran@gmail.com', 'dinhkhoa@2024', 'active', 'member', 'male', '8 Bạch Đằng, Bình Thạnh, TP.HCM'),
	(18, 'Nguyen Hanh Nhi', 'nhihanh@gmail.com', 'nhi1122', 'active', 'member', 'female', '10 Nguyễn Kiệm, Gò Vấp, TP.HCM'),
	(19, 'Le Trung Hieu', 'hieule@gmail.com', 'trunghieu@pass', 'active', 'member', 'male', '14 Phan Đăng Lưu, Phú Nhuận, TP.HCM'),
	(20, 'Pham Thi Tuyet', 'tuyetpham@gmail.com', 'tuyetcool', 'banned', 'member', 'female', '21 Âu Cơ, Tân Bình, TP.HCM'),
	(21, 'Dang Tuan Kiet', 'kietdang@gmail.com', 'kietpass789', 'active', 'member', 'male', '7 Nguyễn Văn Cừ, Quận 5, TP.HCM'),
	(22, 'Nguyen Van Cuong', 'cuongnguyen@gmail.com', 'cuong456', 'active', 'member', 'male', '19 Đinh Tiên Hoàng, Quận 1, TP.HCM'),
	(23, 'Le Thi Hoa', 'hoale@gmail.com', 'hoapass', 'active', 'member', 'female', '42 Cách Mạng Tháng 8, Quận 10, TP.HCM'),
	(24, 'Tran Bao Anh', 'anhtran@gmail.com', 'anhbao123', 'active', 'member', 'female', '15 Lý Thường Kiệt, Quận Tân Phú, TP.HCM'),
	(25, 'Hoang Gia Phuc', 'phuchoang@gmail.com', 'phucpass', 'banned', 'member', 'male', '28 Lê Lai, Quận 1, TP.HCM'),
	(26, 'Nguyen Minh Hieu', 'hieuminh@gmail.com', 'minhpass456', 'active', 'member', 'male', '89 Trần Hưng Đạo, Quận 5, TP.HCM'),
	(27, 'Dang Thi Lan', 'lan.dang@gmail.com', 'lan2024@', 'active', 'member', 'female', '11 Võ Thị Sáu, Quận 3, TP.HCM'),
	(28, 'Pham Minh Tri', 'tripham@gmail.com', 'triminhpass', 'active', 'member', 'male', '61 Bà Triệu, Quận 6, TP.HCM'),
	(29, 'Bui Thi Ngan', 'nganbui@gmail.com', 'ngan456', 'active', 'member', 'female', '19 Trần Phú, Quận 7, TP.HCM'),
	(30, 'Vo Dinh An', 'anvo@gmail.com', 'dinhpass789', 'active', 'member', 'male', '73 Nguyễn Văn Linh, Bình Chánh, TP.HCM');

INSERT INTO `Book` 
  (book_id, title, author, genre, publish_year, stock, available_number, borrowed_number, image_url)
VALUES
(1,  'To Kill a Mockingbird',                   'Harper Lee',                   'Fiction',           1960, 10, 10, 0, 'http://localhost:5173/asset/images/books/To Kill a Mockingbird.jpg'),
(2,  'Nineteen Eighty-Four',                    'George Orwell',                'Dystopian',         1949, 8,  8,  0, 'http://localhost:5173/asset/images/books/Nineteen Eighty-Four.jpg'),
(3,  'The Great Gatsby',                        'F. Scott Fitzgerald',          'Classic',           1925, 7,  7,  0, 'http://localhost:5173/asset/images/books/The Great Gatsby.jpg'),
(4,  'Pride and Prejudice',                     'Jane Austen',                  'Romance',           1813, 12, 12, 0, 'http://localhost:5173/asset/images/books/Pride and Prejudice.jpg'),
(5,  'The Catcher in the Rye',                  'J.D. Salinger',                'Fiction',           1951, 9,  9,  0, 'http://localhost:5173/asset/images/books/The Catcher in the Rye.jpg'),
(6,  'The Hobbit',                              'J.R.R. Tolkien',               'Fantasy',           1937, 11, 11, 0, 'http://localhost:5173/asset/images/books/The Hobbit.jpg'),
(7,  'Moby-Dick',                               'Herman Melville',              'Adventure',         1851, 5,  5,  0, 'http://localhost:5173/asset/images/books/Moby-Dick.jpg'),
(8,  'War and Peace',                           'Leo Tolstoy',                  'Historical',        1869, 6,  6,  0, 'http://localhost:5173/asset/images/books/War and Peace.jpg'),
(9,  'Crime and Punishment',                    'Fyodor Dostoevsky',            'Classic',           1866, 8,  8,  0, 'http://localhost:5173/asset/images/books/Crime and Punishment.jpg'),
(10, 'Truyện Kiều',                             'Nguyễn Du',                    'Poetry',            1813, 4,  4,  0, 'http://localhost:5173/asset/images/books/Truyện Kiều.jpg'),
(11, 'Số đỏ',                                   'Vũ Trọng Phụng',               'Literature',        1936, 7,  7,  0, 'http://localhost:5173/asset/images/books/Số đỏ.jpg'),
(12, 'Dế mèn phiêu lưu ký',                     'Tô Hoài',                      'Children\'s Literature', 1941, 10, 10, 0, 'http://localhost:5173/asset/images/books/Dế mèn phiêu lưu ký.jpg'),
(13, 'Nhật ký Đặng Thùy Trâm',                  'Đặng Thùy Trâm',               'Memoir',            2005, 5,  5,  0, 'http://localhost:5173/asset/images/books/Nhật ký Đặng Thùy Trâm.jpg'),
(14, 'Đắc nhân tâm',                            'Dale Carnegie (dịch)',         'Self-Help',         1936, 9,  9,  0, 'http://localhost:5173/asset/images/books/Đắc nhân tâm.jpg'),
(15, 'Harry Potter and the Sorcerer''s Stone',  'J.K. Rowling',                 'Fantasy',           1997, 14, 14, 0, 'http://localhost:5173/asset/images/books/Harry Potter and the Sorcerer''s Stone.jpg'),
(16, 'The Alchemist',                           'Paulo Coelho',                 'Fiction/Fantasy',   1988, 12, 12, 0, 'http://localhost:5173/asset/images/books/The Alchemist.jpg'),
(17, 'Sapiens: A Brief History of Humankind',   'Yuval Noah Harari',            'History',           2011, 8,  8,  0, 'http://localhost:5173/asset/images/books/Sapiens A Brief History of Humankind.jpg'),
(18, 'Chí Phèo',                                'Nam Cao',                      'Short Story',       1941, 6,  6,  0, 'http://localhost:5173/asset/images/books/Chí Phèo.jpg'),
(19, 'One Hundred Years of Solitude',           'Gabriel García Márquez',       'Magical Realism',   1967, 7,  7,  0, 'http://localhost:5173/asset/images/books/One Hundred Years of Solitude.jpg'),
(20, 'Mắt Biếc',                                'Nguyễn Nhật Ánh',              'Literature',        1990, 5,  5,  0, 'http://localhost:5173/asset/images/books/Mắt Biếc.jpg'),
(21, 'The Road',                                'Cormac McCarthy',              'Post-Apocalyptic',  2006, 6,  6,  0, 'http://localhost:5173/asset/images/books/The Road.jpg'),
(22, 'Bố già',                                  'Mario Puzo (dịch)',            'Novel',             1969, 7,  7,  0, 'http://localhost:5173/asset/images/books/Bố già.jpg'),
(23, 'Cho tôi xin một vé đi tuổi thơ',          'Nguyễn Nhật Ánh',              'Children\'s Literature', 2008, 9, 9, 0,'http://localhost:5173/asset/images/books/Cho tôi xin một vé đi tuổi thơ.jpg'),
(24, 'Dune',                                    'Frank Herbert',                'Science Fiction',   1965, 9,  9,  0, 'http://localhost:5173/asset/images/books/Dune.jpg'),
(25, 'Jane Eyre',                               'Charlotte Brontë',             'Classic',           1847, 7,  7,  0, 'http://localhost:5173/asset/images/books/Jane Eyre.jpg'),
(26, 'The Picture of Dorian Gray',              'Oscar Wilde',                  'Gothic',            1890, 6,  6,  0, 'http://localhost:5173/asset/images/books/The Picture of Dorian Gray.jpg'),
(27, 'Frankenstein',                            'Mary Shelley',                 'Science Fiction',   1818, 8,  8,  0, 'http://localhost:5173/asset/images/books/Frankenstein.jpg'),
(28, 'The Lord of the Rings',                   'J.R.R. Tolkien',               'Fantasy',           1954, 12, 12, 0, 'http://localhost:5173/asset/images/books/The Lord of the Rings.jpg'),
(29, 'The Little Prince',                       'Antoine de Saint-Exupéry',     'Fable',             1943, 10, 10, 0, 'http://localhost:5173/asset/images/books/The Little Prince.jpg'),
(30, 'Don Quixote',                             'Miguel de Cervantes',          'Classic',           1605, 5,  5,  0, 'http://localhost:5173/asset/images/books/Don Quixote.jpg'),
(31, 'The Old Man and the Sea',                 'Ernest Hemingway',             'Literature',        1952, 9,  9,  0, 'http://localhost:5173/asset/images/books/The Old Man and the Sea.jpg'),
(32, 'The Brothers Karamazov',                  'Fyodor Dostoevsky',            'Philosophical',     1880, 6,  6,  0, 'http://localhost:5173/asset/images/books/The Brothers Karamazov.jpg'),
(33, 'Anna Karenina',                           'Leo Tolstoy',                  'Romance',           1878, 7,  7,  0, 'http://localhost:5173/asset/images/books/Anna Karenina.jpg'),
(34, 'Les Misérables',                          'Victor Hugo',                  'Historical',        1862, 8,  8,  0, 'http://localhost:5173/asset/images/books/Les Misérables.jpg'),
(35, '1984',                                    'George Orwell',                'Dystopian',         1949, 10, 10, 0, 'http://localhost:5173/asset/images/books/1984.jpg'),
(36, 'Totto-chan: The Little Girl at the Window', 'Tetsuko Kuroyanagi',         'Memoir',            1981, 6,  6,  0, 'http://localhost:5173/asset/images/books/Totto-chan.jpg'),
(37, 'Những người khốn khổ',                    'Victor Hugo (dịch)',           'Historical',        1862, 5,  5,  0, 'http://localhost:5173/asset/images/books/Những người khốn khổ.jpg'),
(38, 'Tuổi thơ dữ dội',                         'Phùng Quán',                   'War',               1988, 7,  7,  0, 'http://localhost:5173/asset/images/books/Tuổi thơ dữ dội.jpg'),
(39, 'Lão Hạc',                                 'Nam Cao',                      'Short Story',       1943, 4,  4,  0, 'http://localhost:5173/asset/images/books/Lão Hạc.jpg'),
(40, 'Tắt đèn',                                 'Ngô Tất Tố',                   'Realism',           1939, 6,  6,  0, 'http://localhost:5173/asset/images/books/Tắt đèn.jpg'),
(41, 'Chữ người tử tù',                         'Nguyễn Tuân',                  'Short Story',       1960, 4,  4,  0, 'http://localhost:5173/asset/images/books/Chữ người tử tù.jpg'),
(42, 'Chiếc thuyền ngoài xa',                   'Nguyễn Minh Châu',             'Short Story',       1983, 5,  5,  0, 'http://localhost:5173/asset/images/books/Chiếc thuyền ngoài xa.jpg'),
(43, 'Vợ nhặt',                                 'Kim Lân',                      'Short Story',       1962, 6,  6,  0, 'http://localhost:5173/asset/images/books/Vợ nhặt.jpg'),
(44, 'Đời thừa',                                'Nam Cao',                      'Psychological',     1944, 5,  5,  0, 'http://localhost:5173/asset/images/books/Đời thừa.jpg'),
(45, 'Gone with the Wind',                      'Margaret Mitchell',            'Historical Romance',1936, 8,  8,  0, 'http://localhost:5173/asset/images/books/Gone with the Wind.jpg'),
(46, 'A Brief History of Time',                 'Stephen Hawking',              'Science',           1988, 7,  7,  0, 'http://localhost:5173/asset/images/books/A Brief History of Time.jpg'),
(47, 'Thinking, Fast and Slow',                 'Daniel Kahneman',              'Psychology',        2011, 6,  6,  0, 'http://localhost:5173/asset/images/books/Thinking, Fast and Slow.jpg'),
(48, 'Nhà giả kim',                             'Paulo Coelho (dịch)',          'Fiction',           1988, 9,  9,  0, 'http://localhost:5173/asset/images/books/Nhà giả kim.jpg'),
(49, 'Tôi thấy hoa vàng trên cỏ xanh',          'Nguyễn Nhật Ánh',              'Literature',        2010, 7,  7,  0, 'http://localhost:5173/asset/images/books/Tôi thấy hoa vàng trên cỏ xanh.jpg'),
(50, 'Rừng Na Uy',                              'Haruki Murakami',              'Romance',           1987, 8,  8,  0, 'http://localhost:5173/asset/images/books/Rừng Na Uy.jpg');

INSERT INTO `Transaction`
  (tx_id, member_id, book_id, schedule_date, borrow_date, due_date, return_date, status)
VALUES
  (1, 2,  1, '2025-05-10', NULL,        NULL,        NULL,        'Pending'),
  (2, 2,  1, NULL,        '2025-05-10','2025-05-20', NULL,        'Borrowing'),
  (3, 2,  1, NULL,        NULL,        NULL,        '2025-05-25','Returned'),
  (4, 3,  2, '2025-05-12', NULL,        NULL,        NULL,        'Pending'),
  (5, 3,  2, NULL,        '2025-05-13','2025-05-23', NULL,        'Borrowing'),
  (6, 3,  2, NULL,        NULL,        NULL,        '2025-05-24','Returned'),
  (7, 4,  3, '2025-05-15', NULL,        NULL,        NULL,        'Pending'),
  (8, 4,  3, NULL,        '2025-05-15','2025-05-25', NULL,        'Borrowing'),
  (9, 5,  4, '2025-05-16', NULL,        NULL,        NULL,        'Cancel'),
  (10, 5,  4, NULL,        '2025-05-17','2025-05-27', NULL,        'Borrowing'),
  (11, 6,  5, NULL,        '2025-05-01','2025-05-11','2025-05-10','Returned'),
  (12, 7,  6, NULL,        '2025-04-20','2025-04-30','2025-05-01','Returned'),
  (13, 8,  7, '2025-05-05', NULL,        NULL,        NULL,        'Pending'),
  (14, 8,  7, NULL,        '2025-05-06','2025-05-16', NULL,        'Borrowing'),
  (15, 9,  8, NULL,        '2025-05-02','2025-05-12', NULL,        'Borrowing'),
  (16, 9,  8, NULL,        NULL,        NULL,        '2025-05-14','Returned'),
  (17, 10, 9, '2025-05-08', NULL,        NULL,        NULL,        'Pending'),
  (18, 10, 9, NULL,       '2025-05-09','2025-05-19', NULL,        'Borrowing'),
  (19, 1,  10,NULL,       '2025-05-01','2025-05-11','2025-05-10','Returned'),
  (20, 2,  11,'2025-05-11',NULL,        NULL,        NULL,        'Pending'),
  (21, 2,  11,NULL,       '2025-05-12','2025-05-22', NULL,        'Borrowing'),
  (22, 3,  12,NULL,       '2025-05-03','2025-05-13', NULL,        'Borrowing'),
  (23, 3,  12,NULL,       NULL,        NULL,        '2025-05-15','Returned'),
  (24, 4,  13,'2025-05-14',NULL,        NULL,        NULL,        'Cancel'),
  (25, 5,  14,'2025-05-16',NULL,        NULL,        NULL,        'Pending'),
  (26, 6,  15,NULL,       '2025-05-04','2025-05-14', NULL,        'Borrowing'),
  (27, 6,  15,NULL,       NULL,        NULL,        '2025-05-17','Returned'),
  (28, 7,  16,'2025-05-10',NULL,        NULL,        NULL,        'Pending'),
  (29, 8,  17,NULL,       '2025-05-07','2025-05-17', NULL,        'Borrowing'),
  (30, 9,  18,NULL,       '2025-05-08','2025-05-18', NULL,        'Borrowing'),
  (31, 9,  18,NULL,       NULL,        NULL,        '2025-05-20','Returned');

INSERT INTO `Report` (report_id, admin_id, type, content, created_at) VALUES
  (1, 1, 'Damage',       'Trang 120–123 của sách ID=3 bị ố vàng và rách mép.',                '2025-05-10 10:15:00'),
  (2, 1, 'Lost',         'Không tìm thấy sách ID=8 tại kệ ở tầng 2.',                          '2025-05-11 14:30:00'),
  (3, 1, 'Late Return',  'Bạn đọc ID=4 trả sách ID=5 trễ 3 ngày so với hạn.',                  '2025-05-12 09:45:00'),
  (4, 1, 'Other',        'Yêu cầu bổ sung thêm đầu sách ngoại văn tại phòng mượn.',            '2025-05-13 16:20:00'),
  (5, 1, 'Damage',       'Sách ID=12 bị dơ bẩn, bìa mềm có vết bẩn khó tẩy.',                   '2025-05-14 11:05:00'),
  (6, 1, 'Lost',         'Sách ID=20 không còn trong kho, nghi bị thất lạc.',                   '2025-05-15 13:50:00'),
  (7, 1, 'Late Return',  'Bạn đọc ID=9 gia hạn muộn, cần nhắc nhở lần sau.',                    '2025-05-16 08:30:00'),
  (8, 1, 'Other',        'Phòng đọc ghế bị hỏng một số chỗ, cần bảo trì.',                     '2025-05-17 15:10:00'),
  (9, 1, 'Damage',       'Gáy sách ID=25 bung ra, đề nghị sửa chữa ngay.',                     '2025-05-18 10:00:00'),
  (10,1, 'Late Return',  'Bạn đọc ID=15 chưa trả sách ID=7 dù đã quá hạn 5 ngày.',             '2025-05-19 17:45:00');
